450,74
153,53
266,82
122,11
308,92
580,32
157,06
144,64
47,59
160,12
142,97
122,77
386,01
94,47
143,44
181,57
58,77
111,59
167,25
153,51
577,33
125,47
508,06
240,98
117,7
358,93
127,68
116,44
105,04
107,8
526,24
121,03
196,7
87,93
237,71
149,69
564,08
133,39
104,4
211,77
330,22
37,35
174,76
179,29
146,88
175,11
184,39
171
293,97
163,52
449,99
416,77
224,72
198,38
110,19
114,88
153,97
80,53
212,35
98,32
99,42
140,09
308,51
89,48
78,88
261,98
375,91
323,37
115,43
348,66
96,6
67,12
73,74
38,84
137,99
93,03
93,87
151,29
486,85
326,02
35,19
33,54
42,65
488,22
74,98
296,09
280,35
160,01
137,49
1126,43
345,9
243,18
137,77
78,35
336,1
75,85
312,22
159,56
55,52
606,75
132,08
186,61
198,88
166,12
194,28
321,94
236,55
152,34
144,55
125,29
394,35
166,78
293,76
73,15
121,52
209,1
78,78
322,6
71,16
130,77
69,82
499,85
70,56
222,1
130,5
140,55
84,22
35,62
71,07
109,27
116,32
158,96
394,61
159,38
92,89
103,88
95,88
57,78
137,84
50,45
162,98
68,26
224,78
36,57
149,14
122,97
144,74
154,24
329,56
64,11
367,81
262,37
160,76
230,43
125,87
283,49
188,78
122,32
65,86
506
139,82
120,49
38,28
41,8
173,62
123,32
398,96
111,27
254,37
107,28
360,57
273
533,23
341,62
156,74
91,07
123,44
94,97
503,01
101,22
41,57
241,3
126,21
168,25
128,55
840,94
232,61
73,91
244,21
120,54
43,5
125,14
184,14
152,54
82,68
137,53
110,46
245,46
189,61
323,05
234,6
132,94
165,38
150,56
459,34
61,55
97,45
41,55
303,41
80,21
169,94
184,14
76,65
77,88
70,95
80,16
275,92
31,68
340,11
88,62
161,03
131,22
128,45
247,95
210,32
154,55
105,23
92,09
103,05
82,69
130,75
189,88
259,77
75,49
189,55
36,42
131,2
79,19
115,88
146,84
343,56
22,88
278,97
85,2
75,43
173,58
29,71
69,71
178,29
66,04
811,49
686,48
428,73
280,92
113,9
49,64
258,98
138,7
351,87
137,18
24,67
69,05
105,27
139,3
195,77
417,84
202,14
136,18
244,8
114,4
159,31
70,59
288,71
148,96
1114,94
56,43
558,25
156,47
160,25
91,18
269,96
189,56
143,8
127,76
58,89
171,12
107,69
205,31
1039,35
121,39
114,05
60,19
91,08
293,06
163,5
37,41
184,31
88,68
176,6
75,75
42,73
167,06
397,45
153,12
249,78
213,53
163,3
122,58
62,45
325,78
172,24
342,55
228,6
207,9
144,11
176,05
283,47
328,02
131,2
173,83
208,34
74,86
154,01
338,95
232,3
114,64
177,65
80,44
159,64
149,52
124,28
208,85
301,45
293,83
46,2
88,1
91,99
80,18
167,34
165,08
210,93
236,99
194,41
298,71
26,58
89,27
114,64
254,69
90,73
95,41
67
109,26
130,38
314,01
121,84
138,76
114,28
184,75
701,71
99,96
208,02
164,11
300,78
379,1
325,51
44,1
55,28
177,12
332,99
35,71
214,5
179,32
447,86
301,49
384,01
99,12
102,52
104,25
188,94
96,68
439,14
177,42
179,02
178,67
591,28
63,73
62,25
42,45
137,03
52,05
175,02
88,23
69,41
191,03
178,05
405,44
231,06
290,24
153,79
277,05
185,56
124,22
253,8
380,07
243,72
217,93
214,42
30
158,02
158,84
247,47
152,61
111,68
95,28
166,71
51,28
102,58
180,8
222,47
533,24
110,39
563,77
168,79
408,62
448,42
92,52
149,4
188,56
144,59
266,65
54,74
42,26
130,39
112,72
335,53
231,22
141,09
42,48
53,26
240,23
28,89
40,52
235,08
200,23
56,62
1044,97
272,67
214,16
60,79
168,41
198,11
120,71
519,68
137,21
166,29
342,61
311,29
77,28
152,12
101,71
136,04
199,04
98,7
108,65
205,92
167,9
319,29
178,81
186,7
82,63
35,41
215,93
85,58
269,43
110,7
260,36
139,82
216,42
67,25
88,14
53,86
523,46
490,68
73,53
251,61
102,16
105,64
43,02
209,84
105,97
222,61
85,18
80,04
335,94
279
125,81
220,95
130,05
427,48
119,71
79,91
223,38
97,03
149,67
223,98
300,3
238,48
315,53
104,15
71,68
153,53
243,86
39,23
108,96
101,32
165,72
176,48
153,71
109,45
126,2
51,78
190,28
178,32
94,68
124,78
227,22
146,73
398,12
91,31
392,84
255,89
107,82
231,65
238,28
93,35
90,56
232,27
620,34
586,81
213,51
137,37
152,47
200,47
300,5
98,09
110,2
126,09
50,09
166,58
61,78
184,1
80,24
347,88
74,86
1156,27
121,16
31,08
108,64
56,39
160,04
147,32
456,61
259,82
250,45
80,9
183,43
179,42
476,32
194,15
145,26
121,55
103,93
263,63
101,82
67,43
99,04
93,68
126,14
48,48
66,48
163,1
721,95
261,41
117,02
166,63
138,92
184,22
225,62
78,98
286,46
593,02
105,38
126,71
169,15
96,16
110,79
162,4
205,65
150,41
357,21
456,7
206,43
452,57
30,93
460,11
118,63
47,41
122,64
219
135,25
82,27
149,4
241,46
266,33
277,12
83,43
36,99
285,78
156,62
46,54
116,18
31,28
127,03
127,11
314,68
148,1
91,21
308,81
170,9
268,21
70,58
856,51
264,45
29,8
178,29
104,41
244,45
223,88
141,08
160,54
280,07
83,45
268,64
68,48
544,1
96,03
125,69
125,31
29,31
194,76
94,5
120,9
346,51
184,5
72,33
153,35
138,61
125,66
399,35
160,64
61,49
512,68
261,66
98,05
853,33
542,29
113,2
91,2
454,37
113,26
155,71
221,38
273,67
337,13
158,75
132,7
92,94
522,63
128,93
218,12
173,71
220,6
524,39
118,58
94,71
99,24
177,29
82,74
95,29
158,89
109,45
157,53
92,22
34,94
133,7
129,67
159,79
183,4
117,71
262,26
143,01
36,3
97,42
78,54
513,15
168,61
222,24
108,89
247,15
133,4
103,21
70,78
123,29
199,72
25,93
200,46
382,2
226,73
215,08
295,9
200,49
204,42
96,38
581,91
52,06
382,67
143,63
333,39
368,1
325,55
398,61
145,98
186,29
824,82
79,26
139,34
103,02
105,15
150,56
194,49
247,09
170,37
113,36
173,58
93,4
96,94
249,86
58,88
432,83
29,92
223,95
183,06
135,24
610,99
88,39
202,32
199,31
31,85
88,05
84,67
51,4
209,11
126,8
265,51
68,69
132,85
601,13
279,56
44,4
251,32
220,37
196,91
173,37
156,94
139,68
249,46
227,8
159,5
160,09
123,3
32,45
60,51
198,39
60,24
159,44
126,07
145,76
146,46
401,22
60,46
505,9
153,73
190,16
143,37
461,2
121,47
173,23
351,87
322,24
168,79
129,24
312,11
119,44
270,18
287,97
93,28
196
181,2
97,89
140,14
261,99
196,1
120,95
147,87
134,95
243,01
163,51
230,32
221,29
50,15
128,12
236,14
100,7
1127,14
186,38
974,22
374,84
112,46
136,91
77,28
255,11
120,97
202,02
120,6
212,83
78,42
78,12
106,22
160,62
105,46
92,29
88,18
69,19
137,11
142,65
85,13
230,97
320,89
45,74
371,06
124,79
71,97
40,95
255,94
361,98
190,73
145,18
153,92
41,41
125,28
122,24
203,32
124,47
152,72
84,38
190,23
76,92
355,95
50,61
212,74
172,5
77,63
157,77
145,03
303,96
196,1
128,14
99,94
56,75
157,78
74,04
246,06
250,58
195,96
60,3
89,58
78,05
129,05
253,22
156,61
147,63
242,87
81,37
117,69
67,76
289,43
236,76
207,74
188,84
105,25
245,5
347,37
416,85
56,14
132,64
110,6
36,53
67,63
173,15
36,93
28,84
115,18
70,92
30,89
431,35
139,59
437,08
110,56
134,3
214,66
306,81
129,28
104,9
362,02
103,58
177,29
87,14
260,6
68,76
66,91
78,19
82,96
230,54
317,6
80,72
153,63
213,98
190,78
391,04
163,02
183,97
96,36
295,56
176,08
310,39
250,46
97,1
175,14
75,34
143,78
119,33
261,5
87,73
364,28
603,66
196,38
813,88
151
189,82
137,31
66,17
53,65
92,89
302,94
25,77
141,62
216,86
45,99
98,34
113,05
385,2
74,15
169,57
277,49
148,22
104,34
339,32
97,69
93,14
101,21
291,87
137,39
76,9
124,45
37,41
116,96
84,08
49,25
81,88
312,8
122,95
64,96
119,3
134,5
160,91
132,28
105,81
50,55
577,23
88,07
179,36
333,02
43,48
226,52
190,45
377,8
201,25
247,31
144,61
112,06
193,4
158,8
556,98
772,26
102,24
168,73
75,83
75,86
134,35
19,63
594,65
140,3
118,38
128,07
222,43
167,87
115,56
163,62
201,1
192,99
226,03
107,72
393,14
71,08
116,68
186,02
181,39
379,85
173,56
455,54
264,62
67,2
365,76
153,61
165,12
75,74
236,43
153,7
313,73
117,82
450,12
69,68
50,7
102,6
191,65
70
173,08
278
640,69
136,44
221,62
105,53
68,28
113,81
132,62
134,99
90,72
129,08
173,18
98,95
126,07
87,9
87,3
79,75
479,22
252,93
70,3
168,48
226,87
103,74
88,75
230,06
129,5
363,73
159,17
114,26
124,58
153,33
490,8
84,49
97,7
148,8
79,55
225,66
118,09
52,91
526,66
179,73
216,95
208,83
241,09
256,57
162,82
436,54
334,41
194,97
74,17
180,76
85,29
333,43
342,86
95,27
114,45
158,72
245,07
46,86
252,91
114,5
141,02
186,33
87,12
134,3
524,4
276,26
208,93
209,04
83,54
167,34
135,09
265,08
62,08
424,03
87,22
68,72
219,99
170,61
167,95
578,66
679,31
448,19
92,62
126,09
401
138,66
183,26
119,65
128,2
192,9
114,09
231,1
347,18
132,87
102,12
295,32
528,43
395,55
83,34
498,01
191,58
66,09
132,62
262,87
97,49
62,72
113,37
352,27
122,31
172,55
79,62
90,33
80,2
360,18
67,67
83,13
93,45
67,22
128,69
383,71
61,56
323,61
166,83
142,39
98,41
215,4
58,06
143,34
387,63
163,46
142,39
184,31
185,42
152,52
77,55
249,02
535,53
55,56
74,79
365,3
51,15
182,41
34,27
222,82
291,03
236,83
104,49
111,29
302,76
196,13
128,89
148,2
48,04
44,05
135,19
445,86
413,99
100,51
137,14
203,93
67,94
267,96
163,68
124,15
110,88
392,93
271,23
132,3
154,46
351,08
87,39
66,27
343,01
295,1
535,96
102,02
293,67
305,11
131,18
349,38
549,5
54,97
81,24
49,7
219,16
217,54
77,57
83,59
140,13
132,97
214,07
217,5
282,26
88,98
71,84
230,81
121,88
225,28
69,51
178,13
258,88
303,95
363,52
66,69
66,31
196,99
118,88
77,04
60,47
29,19
393,06
100,99
162,53
112,28
263,49
336,79
92,82
63,58
62,41
178,92
541,01
83,45
220,58
57,36
75,25
64,17
407,35
187,59
185,44
66,72
25,73
102,58
126,34
30,52
61,93
262,29
191,73
133,8
58,01
240,64
53,63
103,07
178,93
38,52
134,5
225,19
129,17
234,88
258,65
123,42
236,43
109,63
180,84
87,99
171,35
86,01
221,35
381,04
76,82
56,42
216,88
53,8
165,71
362,84
134,32
314,05
125,9
66,78
219,4
189,03
472,81
254,46
190,37
138,7
107,35
235,63
250,84
52,03
50,72
141,62
96,22
77,88
528,79
63,34
96,39
309,55
285,42
379,25
135,62
381,5
63,4
8,87
257,22
127,95
152,65
168,12
171,15
52,57
205,99
465,62
764,2
107,45
167,85
165,57
136,44
213,56
226,92
260,37
372,85
82,11
85,44
42,34
127,28
182,5
127
193,36
186
465,92
71,42
84,72
58,46
249,08
72,64
571,42
152,98
170,68
22,24
238,52
160,39
159,01
55,2
134,39
58,51
202,84
123,94
382,8
126,62
137,43
587,19
107,77
58,3
272,66
156,72
142,3
522,21
336,51
171,9
695,51
89,14
311,38
76,63
50,54
31,87
69,56
238,11
104,82
66,83
113,6
354,17
439,81
44,11
126,91
162,9
186,19
96,82
102,93
68,96
52,67
340,28
89,65
119,47
144,32
316,87
107,44
101,32
142,29
191,72
225,08
234,49
61,29
94,92
165,86
241,13
223,26
136,81
109,33
84,36
76,5
120,59
107,69
184,25
116,4
131,78
131,26
134,82
149,14
1118,39
197,9
365,21
164,31
133,64
154,69
160,58
150,23
382,48
51,13
43,48
91,33
61,83
113,7
154,45
63,79
141,04
28,59
119,65
469,39
25,21
415,65
76,13
352,67
363,18
322,34
116,3
108,95
67,68
450,73
174,53
103,32
92,37
167,45
605,97
116,36
507,06
82,42
76,52
47,46
45,63
174,72
103,71
788,09
100,3
942,46
175,18
165,29
298,08
423,34
263,83
220,36
143,86
146,89
116,17
420,22
80,91
88,41
278,72
155,65
190,58
277,41
138,79
153,55
74,23
57,22
191,28
90,52
376,69
292,98
150,15
126,67
360,61
29,69
161,75
220,49
240,48
37,81
129,59
94,57
314,32
87,18
77,47
65,25
169,21
226,01
83,29
91,97
49,09
96,04
108,7
53,19
197,56
173,69
87,57
209,98
139,42
137,31
120,03
220,12
210,49
106,01
80,07
55,56
78,83
198,31
462,33
108,17
65,01
87,51
126,1
262,99
164,97
135,48
120,88
72,39
198,84
191,48
163,76
64,92
334,19
286,72
119,53
58,64
247,61
418,65
252,33
109,14
105,35
161,35
261,12
120,6
66,93
115,7
129,57
58,16
93,83
511,42
295,23
173,03
178,25
123,46
196,99
84,46
99,05
453,58
75,79
120,72
112,31
144,64
159,18
184,43
137,25
65,32
162,68
239,05
402,05
198,01
40,11
202,36
115,46
256,71
70
165,63
121,22
245,22
103,15
79,68
264,07
125,94
151,59
499,76
79,29
592,41
59,49
107,3
378,84
33,63
207,78
92,61
273,64
264,6
175,35
93,42
27,64
162,31
68,02
51,84
327,85
46,2
114,62
65,07
182,77
73,4
139,64
87,34
187,17
50,86
164,96
353,3
72,93
274,44
249,61
132,04
156,72
121,19
618,92
643,94
49,28
105,44
115,69
160,89
74,41
75,39
46,92
97,84
106,74
527,45
148,18
39,39
199,17
137,53
96,14
144,9
244,35
723,43
120,7
29,91
113,99
73,33
239,81
51,81
215,58
323,68
155,09
100,53
181,65
229,96
20,62
158,19
116,33
23,48
124,98
553,12
240,62
78,91
81,02
264,75
163,23
139,61
110,6
159,79
139,75
129,83
338,85
101,78
48,33
252,02
69,19
117,96
642,86
128,09
72,35
100,08
331,22
84,01
223,91
51,45
83,82
133,87
884,07
198,54
74,26
119,87
356,32
130,16
50,09
702,2
120,83
150,98
72,76
1651,16
70,12
75,49
367,1
337,42
130,26
132,75
157,77
208,7
269,36
582,08
101,61
59,91
51,44
231,19
117,45
79,86
605,18
248,3
41,33
229,08
45,11
146,6
410,83
71,44
189,61
350,66
105,35
108,5
67,9
239,68
76,62
354,59
262,93
166,73
235,1
165,01
218,71
154,85
150,07
98,22
46,49
41,43
255,77
145,11
160,81
66,27
87,06
156,83
65,23
65,58
257,09
135,09
259,76
210,07
303,49
209,57
59,28
80,18
90,72
200,22
602,52
114,84
244,11
111,93
66,3
281,95
593,03
120,51
257,18
217,85
668,77
226,42
40,57
99,01
137,71
69,6
148,95
169,47
69,6
186,2
38,03
87,19
56,13
168,76
332,89
215,09
251,18
351,05
179,54
40,12
83,56
27,93
112,23
156,2
244,33
188,83
185,09
169,25
173,15
409,6
87,43
223,69
277,17
75,34
234,54
199,85
186,87
190,46
102,8
222,76
179,25
83,72
109,62
150,87
208,27
223,53
87,71
532,76
48,26
218,06
486,94
152,74
89,13
81,03
101,53
79,09
143,17
31,63
148,01
213,64
267,88
138,6
135,1
278,41
266,56
69,36
86,32
59,33
155,37
72,63
204,71
150,54
71,47
171,83
74,16
177,05
219,78
297,24
45,34
259,22
210,16
376,19
863,25
37,85
350,95
72,1
120,82
37,47
62,28
176,74
204,35
173,66
269,29
139,57
125,33
107,62
65,67
220,82
265,2
109,26
184,14
104,24
353,54
60,28
170,3
124,05
74,28
102,72
634,25
252,97
235,05
280,83
144,91
127,78
163,5
259,17
103,75
151,05
261,98
102,23
147,63
53,87
165,69
66,45
189,37
120,99
152,91
149,57
50,09
314,41
181,97
246,65
92,86
97,57
508,47
395,34
163,97
46,18
138,9
257,06
207,94
64,48
211,98
89,1
48,1
120,5
268,94
131,7
135,17
373,24
60,25
100,97
43,64
189,38
69,93
140,81
156,01
27,7
159,71
135,62
69,28
128,82
281,53
60,54
94,03
266,58
100,77
289,25
153,4
96,68
120,04
233,5
243,72
56,23
110,37
304,08
198,75
493,15
42,25
75,82
156,91
125,2
247,56
160,91
117,4
71,35
371,67
139,22
138,11
130,49
155,17
92,7
193,52
90,34
167,85
22,22
177,07
255,55
96,46
90,6
189,78
217,11
338,6
1524,42
417,07
129,84
164,89
395,99
78,97
389,09
130,39
326,92
222,94
193,39
67,37
87,06
191,53
166,63
126,71
274,09
102,31
179,49
76,77
617,48
220,03
522,86
115,41
543,99
77,17
313,51
58,49
36,95
176,17
116,91
60,05
147,13
58,88
68,79
34,27
105,37
237,51
516,27
274,36
90,51
46,63
175,37
87,04
179,98
253,69
344,8
85,97
176,76
82,82
427,57
97,67
77,1
252,48
268,7
196,44
213,75
52,95
186,53
36,63
281,28
95,56
68,13
269,33
135,54
244,93
147,31
317,96
91,26
368,08
150,48
94,38
70,25
284,12
187,02
71,79
54,37
115,33
123,47
177,85
50,13
84,98
79,95
49,9
107,91
43,17
269,4
91,96
137,06
432,46
1083,26
50,23
86,53
75,18
277,11
225,94
102,1
472,06
153,56
87,64
63,07
130,59
106,48
735,43
112,01
339,61
233,17
272,23
75,99
116,11
128,34
444,1
122,15
127,69
264,46
197,02
81,56
237,27
123,36
248,77
139,1
57,35
71,38
236,49
74,52
55,01
111,25
661,19
84,61
149,23
175,79
71,97
92,04
243,7
570,39
59,97
97,61
59,22
194,37
34,47
48,64
65,85
272,77
135,45
126,63
105,17
220,03
93,03
95,34
102,57
82,97
147,3
232,52
126,41
173,89
92,98
549,63
277,15
36,11
91,09
131,7
42,78
34,76
250,71
43,31
456,27
65,52
253,53
109,04
162,08
510,12
729,59
245,43
260,74
106,99
875,06
422,74
35,47
104,74
351,08
371,94
140,79
48,82
99,96
209,34
107,74
134,64
437,56
95,91
117,38
451,44
187,54
275,7
288,73
276,84
647,05
61,82
32,82
190,99
214,4
53,99
152
115,12
583,16
329,74
257,2
53,58
124,33
81,61
191,82
81,34
77,96
138,44
89,62
859,65
118,7
168,05
122,24
508,28
491,52
104,83
171,64
115,85
641,12
29,58
121,12
58,59
178,64
11,97
193,57
204,32
156,15
69,85
151,19
523,34
124,23
127,89
110,3
246,38
228,78
67,01
140,68
109,63
148,38
176,49
116,13
50,52
506,01
260,74
101,01
109,5
299,49
92,59
134,7
97,61
98,7
101,01
78,45
140,85
194,97
86,29
97,93
96,92
132,41
580,48
76,41
87
138,96
94,33
84,31
146,55
223,51
207,41
554,99
472,5
120,57
840,66
161,35
295,8
184,15
48,34
130,86
62,05
238,25
269,89
245,96
88,91
47,47
95,68
167,4
180,1
257,01
87,28
355,58
36,02
302,59
75,2
83,95
320,76
86,79
205,35
128,26
258,86
536,56
52,43
135,15
136,04
34,92
176,46
57,66
229,58
147,91
85,73
395,47
144,27
371,02
160,56
69,26
139,6
465,7
39,21
126,99
34,24
244,46
128,02
209,48
74,41
46,93
417,21
79,27
117,02
54,39
240,73
173,8
81,11
156,75
200
73,74
453,14
272,94
35,84
91,26
376,47
144,36
93,56
453,07
95,7
88,92
91,28
68,79
154,53
214,81
200,62
164,08
202,79
188,34
301,99
87,61
222,79
256,23
244,38
123,26
297,15
68,12
157,56
52,34
83,27
124,76
96,3
257,07
140,07
219,45
243,31
29,78
100,52
149,71
150,71
104,24
114,39
192,35
284,29
327,55
225,86
226,77
238,78
168,38
86,84
150,78
167,86
46,22
163,26
370,1
101,19
89,62
526,44
181,43
251,01
69,54
127,68
165,43
673,58
53,52
30,19
132,05
164,1
67,81
122,93
116,08
86,03
96,8
155,73
57,98
334,08
75,85
318,55
110,48
116,94
100,66
292,45
131,79
605,03
219,9
76,01
156,76
318,07
118,2
36,38
91,75
604,06
45,96
199,92
102,7
1324,1
136,29
276,13
127,31
122,27
195,42
853,56
54,66
90,81
221,26
52,45
483,47
389,83
90,5
167,5
199,95
84,74
203,61
114,57
184,47
205,55
77,91
120,98
55,32
313,05
87,73
30,96
171,02
182,68
414,94
42,62
334,66
94
290,43
212,57
413,38
94,76
268,88
430,09
310,9
372,94
188,14
401,48
61,81
40,85
40,03
359,69
86,29
108,25
360,01
108,3
268,62
45,69
363
169,18
94,45
306,53
209,03
302,09
75,58
320,67
54,97
97,47
218,05
278,76
347,84
504,37
145,41
126,66
158,87
41,98
56,01
44,21
71,87
212,18
265,23
163,95
50,26
130,33
119,13
421,32
221,38
275,29
157,2
255,4
239,49
220,65
136,49
210,77
330,39
181,77
215,14
459,46
628,25
93,59
72,06
140,45
67,96
129,23
160,28
208,11
287,79
119,74
127,62
107,36
81,81
44,17
202,4
146,04
256,74
135,28
59,61
115,36
123,25
69,84
101,26
263,59
315,77
246,35
319,31
49,38
189,12
134,04
45,73
155,36
390,72
159,17
130,61
104,86
212,22
85,4
103,41
180,54
54,27
38,87
113,29
41,4
112,24
384,71
267,55
516,68
281,52
226,56
265,93
131,43
223,95
213,5
63,59
78,34
186,56
140,83
102,49
134,72
228,08
108,16
61,28
144,42
197,4
101,88
94,89
60,99
188,62
88,48
52,24
189,87
111,25
241,68
156,01
466,83
74,99
77,52
529,85
400,34
183,47
85,54
49,26
131,44
705,37
183,22
48,06
99,46
20,27
30,52
222,38
149,26
161,75
274,93
99,6
94,09
126,6
91,76
58,71
35,2
1000,51
129,86
380,29
300,91
136,9
168,29
156,97
216,26
81,49
150,08
118,23
230,65
32,47
162,66
139,9
89,66
60,58
99,74
120,06
131,22
7,96
282,5
35,26
138,34
161,58
142,83
99,45
179,43
58,71
332,61
165,62
177,94
76,39
87,49
132,35
120,31
150,72
125,98
234,71
93,79
318,04
62,09
221,08
48,11
235,63
131,59
196,97
116,52
309,38
76,81
44,87
197,23
165,12
86,07
185,26
48,13
107,09
120,71
238,24
123,17
145,27
452,59
81,99
353,04
251,69
177,24
110,54
118,09
43,05
261,03
226,04
226,79
140,41
89,62
76,63
690,52
109,36
126,32
59,07
97,54
163,25
256,93
154,93
160,97
83,52
338,7
784,86
236,78
223,86
187,55
146,91
59,57
202,92
92,67
158,49
150,36
145,24
201,17
66,01
194,05
73,08
140,63
133,32
527,62
174,45
411,56
423,34
112,73
155,86
304,4
117,26
276,53
199,46
147,92
612,31
156,34
93,65
368,15
93
239,95
162,42
70,82
155,43
353,08
102,4
90,59
79,34
64
73,77
131,48
220,6
164,65
87,05
133,18
170,63
640,82
96,74
195,12
254,13
124,4
368,18
109,43
158,72
132,4
84,19
294
128,01
168,71
101,16
291,46
234,65
795,86
200,82
244,6
17,73
84,92
197,84
76,49
122,71
188,04
31
143,06
202,83
166,25
238,27
103,89
238,01
137,39
46,81
377,13
149,73
98,33
362,13
182,8
117,34
114,22
63,22
96
96,81
243,46
121,93
151,23
75,02
234,05
82,66
245,05
45,77
282,29
100,2
116,41
152,01
178,17
92,65
121,65
269,41
66,98
118,02
76,31
143,89
277,53
197,18
108,81
70,66
162,2
196,61
110,24
159,53
274,66
427,46
45,17
146,18
81,62
111,44
80,66
30,65
610,58
91,22
164,63
103,17
77,52
38,97
157,09
163,33
191,22
158,49
87,28
182,79
453,83
64,26
48,41
137,09
227,93
610,43
231,43
83,18
194,57
179,13
116,93
122,44
292,06
245,7
409,22
44,59
174,81
142,79
128,3
372,49
124,34
132,63
285,38
116,33
213,49
377,43
265,88
146,52
64,81
78,78
127,91
34,46
147,54
611,3
71,56
296,91
272,9
46,74
116,58
465,28
169,5
94,66
119,38
262,76
393,95
306,17
549,96
101,2
126,01
396,92
50,97
174,43
127,49
130,72
60,92
798,69
749,79
363,13
251,3
61,07
207,77
99,67
54,64
431,14
96,13
221,98
194,79
196,42
319,83
250,65
93,39
270,63
415,43
153,3
156,22
132,99
205,37
192,71
577,14
302,06
158,81
99,47
376,85
258,21
158,82
235,04
82,37
205,83
103,22
35,22
386,89
72,25
229,88
234,85
114,02
36,41
124,5
160,12
218,09
306,28
96,92
140,89
30,47
184,7
249,97
757,02
85,59
82,05
102,93
197,65
41,99
200,28
219,91
341,19
89,47
250,85
121,05
133,58
143,85
75,75
139,84
173,19
91,3
86,06
102,53
302,97
98,72
144,09
142,18
213,39
332,53
433,11
301,48
111,45
134,64
94,92
130,95
195,84
25,15
53,88
83,98
53,96
552,71
228,65
67,55
135,85
249,79
65,67
274,12
146,3
273,74
168,38
200,91
131,68
266,04
180,36
111,58
103,49
127,66
72,17
87,36
188,54
92,97
268,63
93,24
90,01
300,21
92,76
33,7
66,23
65,94
221,02
81,36
58,14
135,1
159,6
108,69
332,63
46,33
293,94
450,44
106,81
275,11
453,56
98,62
205,84
254,85
121,26
150,59
241,07
129,33
621,21
889,2
95,55
144,84
232,09
329,55
18,56
436,57
121,71
170,84
464,09
46,18
69,48
494,25
199,41
137,14
81,16
114,72
53,53
91,69
140,39
204,88
154,04
384,12
346,1
102,32
163,58
366,51
47,5
96,72
117,19
137,17
123,93
533,25
192,72
60,37
123,17
49,13
105,9
208,72
147,5
181,96
84,34
57
152,55
655,17
93,07
141,89
88,41
137,97
71,59
100,43
75,49
90,15
101,65
202,07
67,89
255,9
102,11
146,11
457,42
250,51
384,76
139,46
437,03
37,23
22,29
101,26
90,23
123,8
97,98
71,02
70,69
121,56
73,44
153,43
176,37
63,82
493,91
425,11
155,42
183,66
45,28
190,39
28,89
96,13
50,85
181,41
40,57
321,8
120,65
514,86
78,81
117,7
90,14
139,17
197,88
194,66
38,24
83,54
203,28
273,96
64,94
228,57
148,16
78,52
182,61
433,56
130,4
197,07
28,94
50,56
246,84
125,43
130,95
110,27
38,87
100,37
361,64
779,74
82,21
110,7
187,43
71,95
195,21
234,3
98,78
204,42
183,44
342,98
197,56
191,84
46,58
356,1
347,25
252,41
34,33
43,68
184,49
244,77
236,27
141,79
227,24
115,34
30,37
57,86
176,75
79,83
154,33
78,32
109,93
113,81
589,77
144,77
155,68
282,64
145,92
245,43
247,11
165,48
64,87
161,22
111,82
134,18
35,89
127,17
358,53
252,24
27,79
100,77
104,06
127,93
62,57
416,18
242,56
459,73
925,13
174,61
260,2
142,28
236,62
127,3
62,24
45,44
109,75
92,32
215,18
140,11
245,23
550,41
182,04
196,17
165,72
116,66
300,42
124,44
181,38
221,15
70,23
90,22
76,8
348,01
111,96
57,69
149,1
281
111,36
77,3
246,14
199,43
166,71
284,47
30,8
184,07
261,1
149,37
224,43
104,13
206,43
184,28
164,48
309,81
230,73
59,96
88,37
177,43
108,01
58,67
59,22
152,17
147,74
166,52
261,11
349,83
313,48
118,93
191,57
379,96
173,64
73,79
222,23
309,63
85,51
77,26
524,52
409,47
67,45
172,84
186,27
326,63
75,18
70,81
96,56
297,28
247,65
1009,96
305,61
119,57
158,23
703,95
30,33
416,77
91,23
91,57
175,46
202,54
368,85
177,88
64,48
89,55
393,78
335,55
37,07
53,18
53,08
173,69
190,97
64,89
17,16
217,51
58,77
155,19
83,37
106,83
46,42
82,84
198,7
166,02
150,84
240,43
176,05
243,58
306,59
342,47
233,11
74,46
40,93
120,34
100,99
310,42
236,61
334,14
268,58
35,88
120,51
196,91
168,55
89,11
423,94
113,39
109,62
55,32
79,09
26,55
633,66
97,67
221,09
173,86
223,16
48,04
340,27
90,66
93,05
191,64
224,94
101,93
47,6
174,93
35,81
110,12
325,4
165,14
140,45
247,43
244,92
180,14
162,48
120,52
154,84
469,04
50,74
156,74
206,96
435,56
104,14
131,98
477
274,98
212,36
62,86
66,7
343,94
84,82
90,23
449,67
398,15
249,43
401,48
116,45
98,8
206,19
76,37
146,73
121,97
14,65
45,68
75,62
205,6
209,14
385,81
125,37
281,87
157,3
63,29
164,44
197,5
364,06
140,09
236,95
147,13
663,59
49,61
99,03
328
192,58
78,56
172,35
80,86
229,98
118,24
94,68
422,27
256,79
129,65
329,1
316,74
131,07
83,09
203,66
135,23
88,84
103,81
136,15
369,07
199,76
46,14
170,23
163,94
97,33
37,21
114,13
48,32
285,16
81,29
496,53
514,45
186,87
221,85
316,83
88,14
86,7
85,35
319,12
179,99
613,92
130,65
93,22
115,69
455,12
704,19
117,91
205,42
59,18
240,04
44,86
120,39
155,96
236,17
242,75
316,26
50,42
72,64
92,42
122,23
234,92
366,57
246,6
317,76
220,19
85,73
62,86
183,56
170,62
163,01
157,54
622,29
95,91
286,91
219,38
101,66
140,46
96,22
41,57
432,35
353,36
282,29
193,28
166,47
186,21
385,86
1044,3
47,41
216,92
535,27
87,44
304,98
117,66
87,1
54,97
255,71
97,86
73,39
124,2
77,67
61
88,16
112,41
108,9
54,92
162,63
311,78
177,89
139,2
149,79
437,82
192,37
106,63
99,75
166,06
165,1
70,12
635,43
251,53
341,46
118,08
154,64
167,81
64,35
104,64
78,31
82,9
134,08
120,12
129,18
146,56
576,43
169,27
85,53
476,09
279,17
618,59
49,28
112,46
39,63
95,89
117,56
198,47
112,45
453,52
64,45
138,94
96,73
84,23
32,92
220,29
293,08
150,84
320,87
37,27
88,26
228,87
171,01
134,28
262,91
131,18
88,69
51,07
45,7
323,53
62,97
140,27
40,57
246,26
51,63
124,5
133,34
226,44
145,91
342,03
108,63
162,65
76,4
56,12
185,86
112,61
36,34
57,24
247,46
183,91
190,11
335,46
164,26
80,33
96,09
315
123,96
320,45
93,97
122,9
446,49
191,86
301,41
108,13
184,26
314,69
68,02
271,83
124,84
21,98
179,1
275,97
199,97
94,42
76,92
101,39
248,92
190,97
140,93
95,32
125,45
132,27
216,76
73,72
82,53
82,09
188,43
112,05
106,64
130,53
410,44
168,22
238,3
97,73
135,2
360,02
75,3
47,14
60,56
133,51
142,19
209,23
221,94
136,75
228,92
144,67
108,56
109,42
133,53
474,67
166,8
217,82
92,97
529,15
198,4
307,95
115,88
34,21
170,93
35,34
384,59
63,25
86,52
243,27
78,64
489,3
61,3
76,06
142,65
401,16
38,02
179,48
262,6
126,13
108,19
585,67
63,34
630,28
442,56
101,76
828,13
362,33
153,03
189,5
243,95
153,44
170,15
214,3
265,09
29,19
145,1
204,29
110,45
200,66
392,51
180,47
214,04
685,34
43,18
27,83
192,39
91,91
476,74
104,51
264,63
99,18
116,69
79,07
180,51
65,36
139,03
705,76
137,75
1426,47
319,54
33,42
69,23
190,81
174,85
238,46
136,34
100,1
82,53
120,48
126,82
167,75
83,93
156,8
1242,49
271,25
225,94
198,28
90,91
82,96
76,71
282,44
73,73
107,21
329,42
292,08
102,99
136,85
225,93
66,05
46,35
127,62
217,79
87,39
115,08
241,59
320,62
152,09
247,29
129,07
243,69
65,55
76,99
284,11
77,29
194,83
95,12
62,11
215,88
57,62
72,04
90,92
95,22
162,88
139,44
74,37
200,36
86,32
58,27
174,13
540,7
118,28
245,01
101,38
55,24
149,88
55,25
122,13
118,06
109,58
172,83
129,57
346,08
319,38
172,54
122,83
254,57
783,3
239,7
76,78
26,74
60,93
103,64
154,5
30,47
169,4
213,72
117,53
161,82
595,29
492,72
329,58
165,04
159,78
182,79
110,06
282,91
218,69
215,63
167,25
100,01
90,96
84,37
36,16
125,2
114,03
123,4
60,07
202,6
197,03
121,49
76,37
209,63
314,64
79,33
125,69
279,76
343,31
347,05
546,42
142,06
134,8
227,88
92,26
55,47
346,67
817
59,48
106,83
120,59
181,87
70,55
86,12
55,74
150,49
258,97
203,36
33,02
67,67
127,24
116,61
233,1
132,35
589,55
110,49
70,36
164,58
92,41
143,46
355,47
72,02
87,36
68,62
80,76
216,63
103,02
206,09
92,86
197,93
42,48
61,24
164,87
182,11
193,37
692,55
77,39
180,71
218,26
66,69
332,5
344,67
414,68
76,58
179,24
190,54
127,71
171,85
83,11
111,09
209,46
134,37
196,61
88,7
376,4
158,39
91,04
73,31
770,31
308,17
147,59
54,59
265,77
235,06
94,99
117,84
59,4
29,97
509,41
108,07
74,9
373,66
105,16
147,82
148,17
76,84
77,92
47,52
155,78
528,65
309,95
215,49
221,91
77,66
216,89
96,31
213,06
261,62
71,78
282,03
210,29
249,21
150,49
31,94
47,4
174,21
126,21
56,17
40,08
417,65
95,95
127,66
108,91
133,1
44,21
125,9
179,98
88,39
91,81
567,32
233,23
185,21
193,73
77,6
252,03
161,1
233,15
262,71
236,47
179,65
192,34
366,17
201,17
90,46
39,29
301,62
97,11
224,08
64,64
114,84
253,13
15,45
298,71
105,44
224,49
47,4
65,85
223,74
39,87
92,13
74,6
182,71
585,3
132,92
224,11
109,59
634,44
249,87
162,46
518,95
208,74
84
142,02
180,63
113,28
180,3
54,83
58,59
111,08
114,96
304,89
131,44
98,71
152,14
151,87
221,56
97,9
141,91
34,54
911,86
162,96
99,72
185,66
76,72
159,29
100,7
61,81
122,54
114,01
118,36
79,13
139,27
273,83
167,18
280,39
128,86
444,05
78,98
72,36
41,39
142,14
116,15
124,94
55,28
76,53
141,93
25,36
224,47
172,51
184,05
296,23
1227,14
552,39
113,95
515,95
101,74
49
313,54
290,02
291,01
141,83
126,09
141,94
168,37
198,88
57,14
82,09
267,31
85,9
74,43
216,19
459,24
279,12
167,75
151,05
197,76
407,23
54,07
372,11
25,99
111,6
419,07
46,52
614,74
750,01
428,76
154,93
79,19
127,35
26,95
424,02
29,07
428,07
125,49
276,2
189,35
137,43
117,59
128,23
107,48
203,12
93,94
476,92
420,44
269,95
535,76
64,88
79,48
112,76
103,37
61,02
49,41
67,14
200,99
28,83
238,47
113,91
165,19
186,82
68,78
137,42
119,21
134,98
70,17
110,18
48,96
118,43
51,27
231,74
199,35
516,74
75,67
183,02
169,33
272,8
26,75
207,94
147,37
253,89
144,49
496,37
69,02
288,9
136,43
142,64
146,85
159,42
147,76
147,67
112,06
98,98
649,55
150,93
104,61
219,94
146,89
132
186,8
265,19
200,66
264,66
131,59
94,4
532,22
248,84
113,52
169,95
610,49
118,37
228,49
38,25
140,05
100,95
93,02
345,88
360,14
165,63
178,31
83,88
153,47
131,71
499,49
596,38
152,77
320,98
77,07
108,92
50,19
181,36
138
83,71
115,82
114,61
467,44
58,21
233,44
120,26
597,75
78,43
200,42
221,85
132,78
104,03
107,55
162,67
375,03
62,85
86,59
109,83
212,93
466,52
262,55
27,15
555,19
166,66
134,12
125,28
205,84
235,38
156,18
176,01
65,47
154,98
241,14
23,82
192,98
414,47
50,07
317,29
176,29
409,36
31,8
202,28
76,3
154,95
92,19
52,34
242,54
348,81
102,03
490,51
225,47
180
193,22
215,43
189,74
140,56
95,6
142,63
120,86
117,91
108,26
34,58
491,79
246,67
99,42
440,87
94,02
264,27
366,92
83,67
222,68
48,32
114,95
213,36
88,57
185,47
473,27
124,23
66,46
226,74
110,24
55,14
80,12
117,28
88,21
116,1
122,36
83,24
1063,44
463,31
266,49
594,86
133,01
46,41
172,39
64,92
255,3
262,49
133,46
113,21
230,18
87,25
133,73
737,41
45,16
75,81
216,1
114,72
214,78
97,03
161,39
208,87
67,5
189,95
202,28
219,21
263,25
143,31
89,5
161,02
128,9
74,35
142,27
55,95
86,18
764,35
94,14
129,03
72,44
378,41
127,75
454,3
47,98
143,21
87,8
74,28
147,74
101,04
304,48
93,47
74,78
164,83
90,74
205,96
138,68
334,79
305,4
214,12
153,69
135,69
181,55
131,48
98,56
228,41
468,1
127,42
109,26
203,35
104,97
154,41
272,66
142,18
50,49
61,81
64,09
177,83
247,99
165,96
104,89
135,95
71,71
108,9
265,02
45,72
197,37
119,5
521,84
203,34
185,39
29,77
82,43
133,64
67,25
200,66
105,54
445,48
277,39
149,63
373,7
214,47
143,94
306,54
110,68
116,52
155,01
222,98
106,48
87,85
229,98
135,45
110,2
169,85
186,9
215,45
183,85
296,66
798,29
30,88
224,84
148,08
71,58
87,78
213,14
556,35
91,42
167,35
99,22
87,34
143,79
72,65
113,17
133,02
118,39
202,26
149,55
152,22
143,62
73,75
1157,42
334,29
194,84
178,43
127,64
95,41
65,96
109,48
59
63,18
122,95
132,69
277,42
78,3
40,93
99,96
95,42
112,69
186,98
145,2
174,21
126,32
297,91
124,26
215,11
1086,22
127,09
205,41
155,92
104,57
273,17
93,83
148,36
275,87
63,87
153,45
93,51
76,83
127,01
107,64
118,74
269,32
205,27
37,7
230,24
65,06
78,99
170,5
185,58
624,85
171,45
121,52
150,72
79,54
182,71
212,42
280,4
46,42
378,93
101,7
108,92
163,53
124,15
52,09
117,93
538,08
63,98
106,88
881,99
107,4
57,58
72,51
151,4
97,4
28,9
95,42
161,08
396,35
269,52
78,71
87,03
536,33
229,29
431,88
104,79
101,62
112,55
233,73
53,8
51,35
172,52
75,58
126,89
409,6
88,38
183,77
46,54
190,68
134,2
516,74
227,24
317,41
248,42
231,6
161,06
139,88
50,35
298,48
105,22
124,34
702,11
146,83
133,48
181,5
374,86
143,05
205,96
104,67
144,08
83,12
130,01
291,08
245,37
920,77
181,65
102,9
223,8
270,27
80,34
213,49
54,89
177,82
156,39
95,92
142,27
138,71
92,65
257,22
276,87
143,05
92,41
109,84
83,26
179,09
56,86
142,68
158,17
206,46
167,77
94,46
344,14
98,88
100,09
90,36
146,15
180,38
92,3
261,57
60,83
116,67
141,04
337,69
182,43
62,81
52,79
285,44
130,78
584,15
59,89
106,97
278,41
229,39
52,06
218,76
178,74
289,34
105,86
572,93
46,68
480,42
381,93
258,21
169,89
190,99
80,07
75,87
209,35
219,28
620,7
132,77
255,19
118,92
89,52
164,52
132,68
195,62
992,34
250,19
96,35
395,43
124,05
67,82
386,98
261,23
634,01
555,29
537,73
71,06
51,64
75,19
479,54
220,56
99,05
123,8
350,12
417,55
135,84
171,96
553,16
85,89
228,34
179,87
195,25
118,99
86,31
162,7
478,68
232,45
182,34
69,91
102,51
147,37
69,27
204,1
76,06
293,52
73,94
93,58
206,39
305,76
206,08
255,22
82,07
154,09
194,82
80,15
137,82
142,51
146,06
245,38
65,96
304,09
186,75
112,2
222,11
297,07
96,83
229,82
274,23
187,17
220,78
307,76
85,46
102,57
495,18
1629,39
227,6
131,71
79,58
204,78
510,09
93,72
90,11
120,17
154,67
37,31
287,27
173,37
120,53
139,69
77,6
77,85
136,97
151,93
618,97
89,15
98,16
81,03
189,12
166,55
267,94
1221,7
130,87
38,27
148,3
56,1
286,66
175,19
144,69
190,13
158,53
50,89
116,71
190,07
384,86
140,15
255,45
264,27
48,13
130,01
196,59
124,26
163,28
241,24
29,83
218,86
98,37
579,92
326,2
609,85
149,9
189,97
73,44
182,27
150,67
298,4
415,9
147,76
324,86
160,05
452,95
102,79
48,18
123,92
437,23
75,6
79,44
257,9
167,89
204,05
106,71
109,65
263,31
69,24
138,91
40,91
345,68
111,91
182,89
103,38
59,4
466,47
254,49
165,19
168,12
130,12
48,08
72,72
66,85
318,56
166,33
405,33
236,69
323,05
59,72
424,45
300,04
367,34
50,96
775,61
110,16
109,37
365,33
259,91
49,27
175,12
124,7
113,23
246,2
145,25
32,56
199,71
309,58
792,42
140,61
355,74
230,56
205,14
62,98
76,49
116,32
62,98
73,6
197,62
140,54
477,38
83,42
262,85
83,83
191,26
143,31
124,8
101,45
49,81
229,25
60
50,61
654,82
69,98
471,54
241,05
239,98
173,5
267,66
169,54
396,87
83,56
85,02
429,73
430,75
63,71
95,83
237,64
239,3
198,91
621,99
64,02
612,82
44,11
71,87
106,05
139,05
153,02
148,14
216,74
277,21
33,34
196,77
77,66
68,84
220,8
244,33
276,94
260,48
275,48
308,01
349,18
299,76
247,95
461,52
176,74
194,04
107,63
237,57
199,5
50,23
255,38
143,99
563,38
77,03
106,31
302,07
307,07
97,2
83,64
100,84
104,62
113,63
170,75
165,84
92,06
234,17
134,13
165,96
182,13
93,84
67,93
222,44
86,59
167,57
119,8
149,3
442,84
77,53
177,63
247,19
180,57
79,01
144,31
129,35
336,77
147,39
718,48
176,15
291,61
281,1
140,26
87,12
185,24
116,56
138,58
65,67
204,74
101,38
146,44
141,42
115
119,74
312,48
449,25
80,82
161,69
49,83
146,91
195,62
195,06
123,23
120,12
330,55
65,88
116,99
425,57
162,49
226,51
138,24
262,24
109,68
71,48
460,22
342,81
93,38
60,87
97,97
89,12
41,2
67,56
248,56
494,87
143,73
67,91
136,24
154,76
52,07
306,03
83,05
107,77
239,65
138,56
140,69
203,6
186,41
192,16
53,05
148,78
95,73
248,2
48,17
41,81
112,41
163,93
315,65
58,9
49,03
95,16
128,18
173,73
226,58
156,44
831,37
372,75
404,53
190,96
264,59
78,23
177,71
152,41
427,07
135,52
146,8
176,31
96,97
911,82
134,41
74,76
264,93
273,72
169,23
101,15
115,68
49,42
274,72
255,84
332,26
303,75
153,17
165,8
159,27
86,77
153,1
96,75
360,64
363,22
195,91
220,25
141,01
199,01
405,51
464,77
76,42
110,12
266,35
506,36
66,17
239,6
34,54
48,77
121,01
273,98
120
145,03
128,78
163,59
370,82
234,23
498,77
158,02
71,05
360,8
46,67
33,97
199,58
134,91
110,88
55,13
59,8
147,97
168,69
84,26
242,45
198,03
221,02
182,14
76,51
137,68
245,64
19,27
379,75
116,37
67,16
103,68
711,45
239,81
206,69
81,91
45,69
546,32
215,86
127,08
275,03
92,72
35,67
94,63
661,88
231,64
482,07
94,44
60,47
53,82
182,47
202,72
58,83
249,11
111,19
191,09
142
139,99
55,33
270,87
100,63
103,81
207,63
140,78
121,95
85,82
370,09
153,77
61,35
310,96
141,62
596,5
70,97
210,48
55,33
236,12
738,37
179,3
518,67
126,42
85,68
85,81
393,23
189,68
132,33
118,27
100,03
316,67
168,19
154,01
70,37
176,36
70,91
158,15
334,37
74,47
137,87
127,18
84,28
212,96
67,94
138,64
174,84
71,82
482,96
109,47
254,34
135,58
91
325,93
208,57
213,47
372,5
272,23
159,38
201,56
192,96
56,37
174,18
144,36
155,58
348,73
133,08
109,91
307,52
360,88
93,27
162,83
342,06
64,61
240,69
544,93
398,29
113,81
436,18
27,4
295,95
96,47
519,32
161,85
175,19
192,41
150,22
100,86
179,51
192,81
58,52
151,69
92,18
328,33
152,85
312,92
321,67
94,23
629,89
71,4
206,63
71,9
339,62
99,62
120,33
173,62
101,21
57,42
135,84
320,67
78,65
127,57
452,28
28,04
471,41
82,22
78,81
154,61
69,95
125,1
60,06
79,6
116,65
84,88
554,22
131,23
532,1
400,28
224,92
64,5
459,7
102,8
197,68
153,03
164,34
342,53
45,91
363,52
105,57
193,27
246,71
102,32
132,32
129,25
114,34
188,94
414,08
31,9
88,49
164,54
289,8
209,71
58,7
149,38
123,27
118,87
268,99
148,58
54,28
114,75
154,37
38,65
79,67
97,97
108,06
398,04
362,57
143,1
176,63
285,07
102,02
562,44
210,25
427,65
271,98
88,56
109,68
156,54
406,53
249,74
160,43
197,72
144,86
401,16
166,73
527,4
97,83
50,16
115,61
708,77
214,6
212,12
225,13
76,4
233,92
338,59
234,12
152,98
159,61
119,55
156,2
59,94
71,32
460,24
110,54
87,92
85,55
108,35
115,47
153,87
36,8
510,6
64,41
223,84
214,8
59,87
73,08
224,25
254,18
253,95
151,74
176,06
169,41
180,62
141,62
39,02
92,16
612,09
222,57
108,2
197,11
103,71
337,47
300,89
168,25
191,63
91,79
435,14
279,81
91,43
85,55
154,82
258,68
374,42
123,6
524,3
166,72
139,45
163,07
29,65
110,39
236,89
330,93
167,48
73,17
127,8
53,86
96,55
150,26
153,29
84,51
243,04
141,56
141
267,09
115,58
467,71
230,95
143,21
43,3
115,54
213,46
250,04
80,09
138,67
123,68
63,02
217,93
251,98
87,47
169,34
115,03
416,58
146,98
346,64
445,95
122,33
137,6
293,52
112,63
132,61
122,95
84,57
188,86
177,89
278,42
79,68
200,26
212,07
111,95
119,9
83,01
143,43
172,91
61,21
51,12
95,69
147,25
97,46
68,99
92,32
384,94
169,17
359,29
515,35
503,06
27,77
102,97
114,79
117,36
117,25
245,94
115,58
133,37
121,77
224,26
81,6
344,29
214,76
121,47
108,69
47,84
425,67
95,48
121,29
242,09
143,54
351,59
209,28
106,69
169,91
98,72
78,79
97,05
92,15
135,9
188,48
73,33
48,65
304,99
848,81
93,07
141,87
172,27
419,13
58,26
108,29
207,53
367,63
104,22
55,33
125,46
71,59
222,08
187,12
47,51
82,73
150,55
264,1
112,85
146,48
96,37
269,46
87,88
284,07
51,87
110,88
95,48
151,58
299,2
76,41
120,89
119,94
113,41
165,67
241,55
95,3
308,12
119,62
79,47
125,76
224,88
187,97
340,02
65,88
223,66
284,21
268,1
117,36
239,44
437,99
46,57
354,53
110,03
451,65
169,59
154,65
147,12
186,38
97,74
89,88
182,98
186,59
93,31
167,81
214,42
140,85
92,59
47,91
331,6
250,45
148,69
93,89
97,51
111,1
57,57
54,51
50,74
53,17
70,66
232,16
181,06
121,76
63,7
161,32
38,27
49,71
178,62
118,65
35,62
21,39
259,77
86,78
558,42
234,83
47,84
108,88
86,09
87,18
91,45
58,87
434,65
172,25
111,46
134,06
65,69
316,88
526,9
81,26
153,14
142,46
217,46
285,02
376,05
173
71,18
41,96
351,33
20,13
384,6
80,04
493,42
80,39
183,48
148,53
190,64
483,98
238,92
107,66
197,1
31,42
127,06
73,25
248,68
63,53
492,83
96,76
67,23
116,41
47,26
155,34
166,53
96,91
242,58
178,83
97,89
268,19
110,16
394,82
517,12
241,31
245,85
97,68
190,99
150,11
85,95
474,82
253,98
381,06
130,39
294,95
229,21
101,75
121,96
129,8
182,05
112,59
346,08
107,65
116
387,96
147,09
425,72
113,59
72,82
262,76
766,15
151,19
155,22
160,91
97,72
121,19
139,84
70,21
171,53
266,33
393,05
88,89
210,72
89,09
168,34
577,82
156,64
40,46
228,03
459,22
171,37
66,84
395,77
25,8
318,68
277,74
119,79
46,54
264,71
224,2
249,04
140,12
60,51
248,4
80,85
42,44
465,79
218,11
41,14
327,78
56,35
44,74
146,85
64,34
161,79
100,41
450,21
393,9
50,13
72,5
64,33
225,1
97,51
330,9
180,89
102,5
86,53
246,27
277,58
108,87
148,7
41,87
90,03
139,78
113,67
73,7
175,83
96,78
118,81
113,71
213,08
335,54
214,29
253,02
61,46
123,8
146,52
329,71
77,49
92,23
68,18
44,69
132,28
84,53
88,42
87,61
133,32
82,32
100,58
83,84
410,11
651,82
141,64
210,48
534,65
232,86
96,37
94,24
145,47
138,89
200,77
44,78
109,08
119,77
55,9
218,22
222
264,87
199,42
229,94
135,96
411,35
310,98
95,87
89,1
148,8
131,64
159,68
91
64,69
84,14
200,97
434,93
84,87
81,9
119,15
130,73
146,42
114,17
260,25
51,98
163,88
103,39
112,71
401,18
79,29
203,62
169,3
152,14
136,16
102,78
30,79
79,32
192,95
220,81
118,1
374,39
98,52
277,14
189,86
129,94
55,32
155,5
125,02
271,2
204,4
116,39
91,82
84,82
390,4
678,76
293,96
99,64
143,31
344,91
390,54
27,88
161,71
52,18
186,51
96,6
276,7
59,31
482,2
132,9
710,78
345,82
178,01
79,84
137,55
497,9
58,02
218,19
59,87
132,99
90,38
66,16
1592,64
74,02
47,02
354,81
148,17
59,79
396,49
67,05
212,32
123,33
97,47
84,68
51,51
47,07
98,88
165,16
48,04
213,21
333,8
56,65
47,8
66,56
154,69
141,15
112,36
444,83
91,32
38,74
534,51
278,64
131,31
175,79
119,6
255,31
40,24
104,91
190,74
104,24
112,07
202,59
55,9
54,96
55,48
112,71
202,35
52,57
149,89
517,14
144,18
37,09
177,48
119,49
265,97
36,8
131,73
108,49
189,18
116,3
95,8
73,04
201,05
131,48
64,9
127,53
252,24
120,36
147,89
132,62
276,86
326,06
75,45
172,85
492,79
312,56
233,66
109,8
179,15
107,81
159,94
193,23
211,86
92,71
322,89
73,5
268,05
134,31
226,73
394,75
59,47
477,05
225,78
215,13
269,36
263,52
111,27
70,25
178,65
111,37
257,54
338,32
158,48
111,43
255,21
92,88
78,9
139,1
77,48
384,18
231,19
247,38
168,61
179,38
154,78
733,57
344,84
201,07
238,36
76,74
39,08
290,46
45,87
268,42
206,65
105,95
418,42
147,52
356,16
398,37
166,08
205,8
167,5
165,36
217,04
243,21
475,61
394,87
54,62
447,98
42,18
108,23
1333,38
259,45
71,54
85,38
51,65
72,2
308,79
39,81
77,58
60,14
136,16
371,93
124,6
157,84
387,94
270,19
241,16
115,86
120,63
155,41
424,79
108,19
296,89
178,76
165,62
162,43
105,62
85,64
80,94
47,27
196,02
214,89
117,37
421,39
141
343,18
416,55
285,16
158,32
117,05
95,13
108,71
195,5
74,79
220,89
237,82
379,08
164,43
48,44
216,42
71,81
45,08
273,46
168,55
246,8
104,08
61,19
86,35
122,12
139,16
58,64
178,86
368,03
316,53
21,53
120,25
54,67
137,34
66,58
37,04
718,93
289,68
54,17
111,06
198,13
153,42
316,52
84,2
231,82
55,08
221,82
353,5
404,39
188,09
48,62
140,1
103,33
137,94
142,58
100,9
490,87
146,24
221,24
40,56
198,63
22,37
161,69
445,02
129,21
142,63
105,17
43,29
258,02
214,05
104,72
253,74
266,41
182,85
183,89
152,16
466,06
50,31
94,86
216,43
89,84
110,12
80,86
424,42
142,15
120,78
22,75
486,47
117,51
249,52
83,41
153,72
133,9
158,44
79,14
163,66
188,87
99,01
614,2
133,68
153,31
194,1
181,9
108,24
218,61
106,42
651,62
255,85
209,45
143,8
119,46
730,25
146,77
54,77
214,19
164
190,49
261,2
60,3
130,97
250,71
266,42
319,25
447,61
134,86
147,36
272,8
145,64
112,88
497,52
468,21
192,85
67,54
98,96
124,72
130,72
142,06
89,95
179,64
326,28
73,82
678,02
111,51
79,44
122,97
249,05
118,31
22,04
157,67
79,84
263,89
63,88
992,66
678
299,47
185,56
78,26
139,79
142,13
130,06
64,65
216,02
99,3
113,43
130,29
64,26
171,08
300,83
250,74
92,47
495,81
264,07
208,35
364,53
50,12
107,59
112,32
223,04
215,14
226,94
108,7
124,33
263,49
18,33
132,25
94,98
215,2
146,88
219,13
377,49
66,93
323,82
57,01
239,02
69,13
44,3
237,83
69,66
68,33
90,97
87,54
206,31
62,12
165,16
241,5
124,47
753,91
63,84
195,54
144,56
83,56
124,93
77,94
93,85
244,32
152,14
99,76
141,08
94,45
143,05
232,5
132,69
124,05
107,85
1822,94
214,16
95,82
113,01
105,7
165,03
335,42
210,1
302,98
560,56
71,42
215,55
46,57
112,63
144,3
362,82
112,64
282,36
314,35
410,06
139,12
90,68
237,81
399,91
152,38
287,73
303,71
101,03
29,58
204,59
77,38
71,82
286,87
219,73
277,1
152,3
84,42
117,9
47,86
288,41
284,03
19,12
200,52
99,8
158,46
204,56
149,06
97,24
100,06
171,59
294,57
82,79
141,84
73,89
89,35
117,73
118,6
198,42
82,17
218,25
115,34
76,71
73,49
159,33
470,95
67,17
253,62
137,08
553,79
629,42
116,96
146,2
41,1
148,26
328,53
301,37
196,49
66,49
156,35
130,92
633,01
101,08
535,17
259,36
179,99
53,37
131,57
168,56
150,12
297,47
350,9
486,71
526,8
241
290,13
165,59
120,58
241,11
196,41
166,35
375,61
55,13
293,86
223,85
100,55
218,61
283,69
35,92
169,12
310,31
709,71
2325,58
258,86
266,86
107,75
141,38
84,45
35,77
192,88
101,29
60,95
440,15
379,38
27,14
60,89
163,33
106,53
75,16
89,56
92,44
26,82
297,07
170,83
152
618,56
334,51
459,42
222,39
246,03
181,62
136,23
101,5
106,99
154,9
72,2
253,38
99,53
24,61
156,48
259,71
70,41
253,97
158,67
60,43
78,15
585,24
432,01
101,73
101,88
363,51
117,79
583,77
107,51
165,39
321,55
232,8
83,54
282,69
110,5
299,64
92,72
135,28
328,35
62,6
292,02
260,12
237,85
93,36
63,56
191,98
125,24
138,26
117,52
127,42
57,75
127,27
129,99
130,38
599,98
49,55
214,24
84,41
77,58
198,5
148,79
116,51
198,33
178,83
102,87
101,86
74,61
244,55
319,1
379,23
88,69
52,28
248,85
521,16
481,09
89,13
120,55
94,86
285,54
78,1
89,95
258,59
155,83
24,91
232,42
125,13
29,14
52,53
58,89
254,17
240,2
170,05
141,17
128,25
159,12
70,17
64,77
89,07
43,69
710,51
415,78
124,11
332,75
639,29
159,44
101,29
189,26
50,41
63,94
397,74
140,28
276,64
236,96
56,14
105,1
410,85
186,76
142,47
608,88
121,23
63,58
731,41
78,95
196,3
344,16
89,58
105,47
108,51
110,55
81,93
107,65
44,94
103,12
47,77
112,08
433,59
65,43
280,64
49,9
152,96
189,32
165,54
76,69
160,55
115,1
37,75
351,68
83,13
108,77
292,17
87,51
168
142,29
83,39
63,88
119,95
425,46
68,92
162,03
65,78
145,08
163,54
303,25
102,89
409,41
255,68
183,28
414,05
132,82
469,13
268,85
46,64
204,39
103,33
91,11
185,23
405,59
386,25
17,29
146,45
83,03
167,77
76,77
54,9
260,33
216,22
55,29
1696,46
186,42
467,8
169,15
74,28
171,02
85,75
223,21
19,94
310,99
110,28
168,05
152,29
240,05
365,34
125,85
25,5
336,24
55,67
386,65
285,6
123,72
219,63
207,33
236,72
121,86
159,26
496
164,77
40,97
159,02
157,45
331,12
281,15
49,81
27,4
182,45
152,56
200,75
120,51
96,8
137,96
93,92
35,29
115,02
36,69
158,62
839,98
234,18
51,03
51,62
100,41
46,35
32,79
56,76
146,07
361,35
230,88
157,42
210,75
317,72
67,13
38,88
121,94
47,74
122,78
365,47
246,38
50,43
229,52
259,73
218,65
145,54
233,49
119,16
283,23
563,25
216,03
45,92
81,27
40,99
165,52
139,27
718,25
174,19
232,74
1078,94
298,15
144,92
133,89
103,95
163,84
145,04
63,97
52
50,66
155,72
120,83
103,77
177,72
159,88
121,59
63,79
62,51
623,08
279,15
306,95
98,41
153,32
226,83
92,76
370,78
344,65
199,47
202,43
201,65
190,95
126,79
42,75
361,46
159,8
28,47
220,56
78,73
135,81
232,03
1241,08
172,59
231,26
250,92
215,77
139,68
118,4
56,71
72,38
47,65
270,26
166,95
882,96
63,47
85,05
113,25
405,76
133,02
91,85
228,68
261,52
85,58
342,92
444,57
171,94
130,58
119,67
171,41
31,22
69,92
396,42
109,95
45,41
82,46
210,31
94,04
80,05
111,38
93,81
298,74
100,35
286,58
100,36
191,98
264,18
39,42
874,33
60,01
362,32
129,66
1471,99
133,96
200,04
45,85
309,37
552,29
106,87
84,38
115,92
123,34
143,26
117,44
16,08
47,28
516,68
515,4
272,79
92,94
373,01
290,44
105
227,57
173,52
462,93
133,36
61,01
25,82
225,53
36,66
81,22
185,52
352,18
81,17
57,16
33,06
270
94,42
213,37
241,85
89,22
403,01
83,77
100,37
373,74
57,88
201,18
281,44
175,34
203,45
211,23
125,12
231,87
453,8
116,77
169,51
455,79
47,04
141,29
55,65
387,27
181,03
191,72
69,3
123,64
173,87
105,39
101,18
67,88
435,71
305,32
191,02
26
78,84
294,85
88,1
135,33
107,54
427,63
145,86
255,83
257,1
99,11
52,32
132,95
108,08
121,22
206,47
133,41
159,41
286,6
278,15
216,98
178,15
38,33
116,99
397,06
360,16
115,44
118,25
255,13
112,29
327,24
114,73
219,85
177,21
88,03
195,3
32,94
151,87
152,33
244,86
220,79
52,49
94,24
229,32
120,58
44,36
206,33
343,39
117,59
305,5
128,93
38,94
75,78
119,7
71,34
83,34
176,15
45,83
143
170,76
256,16
343,13
292,83
298,17
156,3
291,78
121,31
120,67
205,51
285,59
137,33
312,09
74,27
110,72
319,53
194,52
405,85
109,48
148,24
243,86
120,89
55,68
51,07
52,38
175,64
361,55
40,38
350,97
85,56
847,28
89,27
1086,54
92,91
310,27
53,83
329,86
196,7
77,31
416,11
130,98
277,44
119,02
232,33
322,89
194,27
79,24
68,96
33,81
95,5
120,6
85,51
105,63
70,66
233,48
440,34
62,09
126,09
82,07
131,43
146,7
125,37
402,79
44,91
127,44
110,19
94,16
340,37
414,09
113,07
98,11
250,39
526,26
96,96
125,44
125,81
176,13
286,42
235,27
174,34
74,56
155,73
129,66
90,84
187,2
159,86
160,92
80,77
201,15
232,17
151,78
122,53
283,47
138,84
228,73
236,7
150,25
355,36
174,17
74,47
307,19
33,4
106,15
220,05
331,09
200,27
28,58
127,09
103,99
199,08
58,75
47,49
371,92
118,53
448,87
102,33
85,39
555,96
64,43
95,82
75,3
355,69
57,71
118,98
103,67
220,03
63,13
80,59
100,86
210,84
126,79
199,98
77,31
210,75
74,33
461,25
794,13
230,5
309,87
510,97
72,53
64,44
93,27
427,44
57,5
237,58
83,81
212,56
151,09
443,8
127,17
195,5
136,76
192,43
450,63
271,78
87,57
119,41
253,37
361,06
270,58
115,42
89,21
164,88
18,57
353,49
195,89
148,61
127,01
278,8
354,72
431,08
52,19
297,5
361,62
84,41
216,66
214,83
163,47
220,27
88,18
133,12
169
68
123,31
325,48
81,78
188,56
69,6
118,96
41,26
129,47
314,06
280,07
73,84
151,86
112,72
425,44
105,41
134,17
89,39
160,65
73,5
203,36
209,79
331,26
289,57
116,74
98,43
158,18
107,44
202,26
68,29
54,38
51,95
60,02
227,11
197,86
378,7
121,07
84,17
157,42
77,65
149,16
248,68
125,17
101,51
111,16
268,41
259,96
190,04
268,15
77,6
147,66
128,05
47,46
42,98
135,31
202,34
277,13
112,58
118,91
96,47
71,83
100,09
331,43
175,82
111,53
420,86
946,48
89,61
124,61
109,47
184,61
184,6
277,23
48,01
332,44
17,82
84,92
208,92
58,17
120,91
132,46
176,74
129,9
342,02
75,98
125,76
204,63
158,32
127,75
468,55
66,49
256,34
134,23
377,41
226,39
339,04
108,83
338,17
58,4
110,04
99,02
98,67
330,27
462,81
240,17
147,51
256,6
62,84
71,93
391,76
89,33
53,88
313,11
69,42
85,42
415,27
484,29
431,28
167,5
373,24
223,54
155,68
592,6
144,29
203,99
99,02
208,65
73,17
380,04
564,34
231,02
97,15
230,52
244,7
125,72
99,66
278,67
86,19
79,83
73,86
260,46
252,8
58,89
37,67
100,02
76,36
160,17
28,94
136,71
385,23
165,09
112,92
444,43
153,04
114,19
165,55
232,11
85,08
57,36
84,36
204,26
41,64
188,17
191,39
160,98
107,51
580,29
147,66
109,6
87,43
111,15
368,11
114,66
51,48
62,29
319,36
592,07
102,03
302,64
92,49
43,98
74,55
279,01
195,57
186,11
90,25
79,72
164,32
72,93
207,78
86,13
217,37
258,56
128,15
172,8
304,88
94,87
163,95
249,39
103,47
71,33
266,47
166,26
136,1
368,83
458,96
106,7
59,31
69,35
39,67
201,83
208,77
202,59
176,82
139,54
115,16
417,62
80,97
133,5
644,02
87,85
363,79
100
77,33
142,03
76,27
176,46
53,51
240,59
32,23
36,89
132,21
289,38
200,79
286,66
67,4
69,36
16,53
85,87
328,41
319,51
97,71
150,91
191,9
129,17
96,01
81,34
235,42
69,25
83,01
58,25
189,89
183,49
67,81
260,68
170,62
67,2
198,59
122,27
50,31
91,52
237,47
145,55
70,65
619,91
527,51
153,34
122,53
100,97
74,11
151,1
188,32
37,97
42,22
251,7
105,15
82,63
275,13
119,57
110,32
550,29
236,76
57,58
327,08
194,41
104,98
138,82
80,38
190,02
184,04
1584,2
110,48
205,42
129,39
176,28
106,96
138,11
38,83
189,11
113,79
302,73
285,45
615,66
62,8
175,86
398,69
62,39
39,42
50,62
183,29
100,96
96,43
93,2
145,07
32,26
139,02
67,11
57,04
182,61
151,78
200,9
271,62
497,97
170,38
135,75
272,08
117,75
189,68
112,59
209,32
60,14
209,2
90,02
355,47
93,5
187,51
109,52
71,2
212,22
104,72
50,33
63,5
227,99
164,94
401,76
184,61
319,6
259,96
165,38
83,09
56,1
161,57
42,86
742,36
165,98
56,53
368,86
102,4
849,97
113,72
11,49
235,68
25,67
124,85
312,41
254,43
308,3
205,9
89,63
54,92
112,49
264,69
96,57
104,39
54,65
54,04
131,18
128,66
88,02
469,13
208,84
85,63
460,35
387,39
1311,78
110,36
27,67
376,09
76,98
80,4
182,69
54,76
170,08
292,25
78,9
291,8
161,92
170,51
49,38
155,57
210,82
129,65
104,5
35,26
178,37
119,29
258,22
226,12
101,98
126,66
138,58
84,06
228,24
255,37
219,74
248,86
182,42
28,72
59,59
108,26
93,82
44,62
459,37
30,64
134,65
190,19
467,7
33,68
70
787,98
134,42
80,09
116,21
39,84
130,65
122,4
78,46
227,17
90,39
135,25
146,77
83,61
62,77
68,79
201,85
187,43
76,94
45,4
188,44
179,15
290,71
50,86
151,7
469,66
156,69
168,76
101,1
410,75
217,33
226,09
74,12
51,04
42,15
146,17
328,99
167,72
150,88
250,24
98,15
227,75
65,68
750,42
26,72
468,3
160,65
251,74
215,85
237,58
207,38
195,44
87,69
218,67
333,45
83,06
159,77
102,26
920,57
101,94
182,57
419,32
139,49
64,91
160
91,33
231,65
202,9
157,47
227,08
231,44
167,14
231,26
112,21
100,23
681,38
359,54
123,65
211,95
566,56
196,49
69,99
145,83
79,47
308,92
369,24
165,79
644,94
113,58
206,73
81,92
157,21
254,68
115,3
33,56
406,25
88,77
324,48
76,28
73,4
34,95
113,8
90,43
54,94
330,62
110,64
143,46
85,18
63,4
146,61
360,38
438,72
85,32
62,48
151,14
183,09
179,09
129,26
106,24
98,26
65,72
288,12
303,5
303,89
112,25
353,97
157,59
128,47
117,23
59,36
151,8
313,51
116,95
65,62
242,7
266,65
229,06
95,56
85,56
161,67
133,58
207,81
425,29
103,41
272,05
34,83
111,01
424,27
208,43
267,96
33,58
356,09
76,68
77,15
81,19
236,75
140,56
267,11
203,3
49,46
57,22
86,59
129,91
610,3
327,42
256,9
200,61
187,49
183,18
335,05
221,09
186,31
99,88
141,43
59,7
31,52
621,21
129,79
40,82
533,09
118,49
168,54
67,95
226,24
125,13
15,58
28,37
89,58
129,6
73,19
86,97
323,16
311,8
296,98
68,94
71,32
143,76
105,18
136,92
103
105,26
93,29
222,22
40,55
85,73
163,76
47,5
123
213,64
65,13
72,28
104,06
305,12
133,42
252,36
92,04
62,81
101,72
132,65
116,51
409,04
88,43
64,17
287,59
166,75
301,97
72,3
183,39
136
54,92
170,96
466,24
112,45
74,85
101,5
263,27
121,38
73,16
145,7
142,95
70,97
205,47
462,56
89,3
59,61
66,14
115,52
77,49
64,76
196,88
149,7
99,64
140,26
158,37
42,88
87,55
137,6
358,79
218,37
453,64
568,48
55,92
166,48
49,99
81,18
97,87
193,22
106
183,47
46,39
324,17
185,95
90,32
293,32
75,84
228,28
133,74
135,55
217,6
149,65
129,84
109,27
126,43
110,38
116,27
50,26
288,17
256,13
441,75
126,14
306,24
70,52
486,51
139,38
124,49
412,85
95,73
194,35
564,96
244,3
105,34
71,03
60,35
559,37
85,83
152,61
380,06
318,98
169,74
267
123,79
273,07
177,49
79,93
248,07
155,78
355,99
60,15
174,46
199,14
135,14
204,16
36,22
362,76
57,93
92,03
188,3
268,65
130,89
215,89
116,74
83,72
59,55
59,01
172,74
73,27
238,19
751,25
221,26
53,29
210,65
113,25
293,16
419,13
141,45
114,59
115,14
182,99
342,43
140,76
297,56
368,99
391,44
222
90,33
184,75
908,83
72,33
83,71
71,6
117,73
212,35
346,87
212,5
217,08
229,07
112,21
227,93
255,55
403,69
265,91
162,76
22,1
143,21
162,1
91,16
73,21
54,81
230,29
146,52
108,7
193,28
410,84
318,73
116,46
196,62
69,62
156,77
270,11
110,37
89,58
215,21
359,97
142,29
303,79
197,91
87,52
18,46
131
136,16
393,06
156,88
159,91
360,91
951,3
337,65
28,1
88,37
121,94
156,21
123,24
62,97
75,58
238,89
71,17
236,37
106,34
121,56
166,58
107,83
116,67
118,9
132,49
89,5
906
163,64
131,69
187,14
125,22
131,65
348,48
122,84
407,61
113,96
216,7
63,34
83,6
127,9
409,15
337,29
90,23
195,16
300,93
104,89
40,84
65,51
27,94
728,39
67,36
94,5
177,99
33,33
59,35
119,03
176,22
276,71
113,65
50,17
162,21
200,09
51,25
105,38
75,98
187,18
66,95
119,88
87,26
41,55
33,2
50,64
135,42
185,41
222,5
391,37
53,97
47,23
286,4
102,79
81,11
105,08
330,05
70,77
170,78
101,03
80,03
78,74
81,93
105,02
72,42
68,4
88,33
113,64
46,72
262,32
33,09
92,57
120,75
398,47
160,11
105,19
139,2
272,67
64,93
195,91
54,47
81,65
419,91
276,07
102,94
241,12
122,55
172,81
186,89
179,19
144,16
241,57
40,32
220,75
87,18
63,32
152,18
138,92
48,79
39,57
224,78
358,84
386,06
142,22
282,33
277,42
170,65
273,21
187,83
253,77
157,58
219,25
72,01
405,31
83,41
21,98
514,19
268,44
131,74
366,18
299,76
388,38
283,32
281,25
36,62
270,79
189,83
83,32
87,11
250,3
52,25
98,9
80,09
42,69
177,96
184,28
274,35
52,34
94,51
225,63
55,7
194,16
35,15
208,67
269,56
156,35
104,64
107,74
113,63
117,28
101,19
99,82
130,15
73,73
114,4
313,55
76,04
174,66
134,28
58,32
128,3
126,31
63,18
131,11
93,26
69
98,89
70,72
163,04
197,03
100,6
75,72
372,41
98,16
263,4
950,97
122,71
118,66
126,27
27,9
102,42
208,16
71,78
122,58
174,21
60,13
184,75
116,92
190,67
174,75
218,59
98,66
183,79
588,68
79,74
153,36
273,2
184,42
653,54
79,32
113,07
136,79
247,11
53,51
127,86
344,8
123,54
167,79
360,99
114,97
256,52
57,64
95,02
105,69
179,97
57,18
83,49
60,47
57,06
28,15
66,09
137,93
221,99
126,97
214,71
358,16
148,96
105,67
723,81
207,35
353,58
53,94
155,21
76,41
192,01
42,43
163,84
227,01
87,53
382,66
101,79
220,22
123,75
142,63
333,99
325,14
200,04
75,14
105,88
439,58
195,78
184,22
181,67
148,84
32,96
139,65
147,41
98,11
180,85
43,45
189,61
168,49
77,91
148,12
195,56
373,11
71,07
207,95
964,54
439,33
106,48
878,03
123,83
228,56
83,39
111,86
59,35
167,19
98,9
171,66
70,76
31,97
221,69
189,23
88,72
445,92
92,77
284,64
174,01
241,45
480,24
134,74
123,36
97,48
192,62
453,96
37,57
94,38
114,71
99,06
108,01
244,26
46,78
156,96
112,79
89,17
299,5
101,25
95,8
53,12
75,07
78,2
140,41
314,63
54,35
151,65
72,99
37,04
46,25
111
78,04
94,98
85,79
69,22
213,64
133,71
112,98
149,94
300,98
313,9
136,64
69,49
164,34
154,66
187,66
135,71
132,37
139,23
368,97
83,64
89,39
176,84
67,35
138,77
148,26
355,66
144,84
278,96
282,23
58,75
78,13
127,78
143,98
44,76
308,72
216,21
243,63
135,28
179,41
379,87
110,25
91,9
24,39
280,74
228,92
98,19
103,2
86,35
197
79,38
94,86
150,99
273,09
450,6
109,58
81,3
201,75
174,91
510,35
102,83
116,6
128,1
90,87
129,52
36,5
266,7
205,21
427,79
292,01
90,52
66,29
156,49
94,1
172,83
613,78
143,45
108,09
293,35
303,79
136,79
290,31
41,78
72,74
305,64
417,48
134,05
118
321,03
153,14
124,56
68,16
88,03
329,7
149,37
86,48
196,56
47,21
342,2
307,74
156,45
215,76
285,58
304,3
263,29
151,62
125,59
316,01
97,69
48,12
427,36
60,9
394,53
270,72
201,24
296,4
574,75
138,8
199,79
104,28
75,68
411,41
132,49
315,89
211,34
39,96
125,87
186,63
203,38
64,69
138,44
124,34
56,42
113,48
147,63
67,03
138,37
71,28
313,58
134,26
76,38
123,65
61,99
87,85
139,51
122,91
35,17
188,33
259,64
60,22
91,03
297,68
118,19
238,58
109,79
282,19
176,56
341,1
207,89
287,18
239,9
390,34
91,14
30,09
234,5
144,19
289,48
93,93
111,81
156,89
166,26
159,1
123,26
147,33
52,22
183,38
194,21
173,53
44,13
202,26
302,47
194,45
340,96
137,99
107,92
79,92
63,05
109,31
165,65
127,92
206,45
76,16
65,16
108,5
130,93
115,27
161,79
263,38
74,38
613,37
428,06
213,63
186,9
152,97
140,05
109,18
94,08
198,73
428,39
231,63
320,79
117
128,12
168,57
122,75
191,91
400,76
144,76
90,45
124,37
86,09
131,58
54,71
91,96
167,99
226,05
113,25
233,19
120,23
96,69
113,88
1304,25
141,47
125,65
99,38
104
102,68
98,47
249,69
293,9
53,87
232,68
238,26
87,35
555,21
258,24
69,49
106,13
162,63
340,89
110,49
132,15
145,97
105,27
149,54
206,6
106,07
167,31
686,52
32,52
191,67
28,37
339,04
688,67
396,45
112,87
111,24
93,21
77,62
135,08
485,68
101,2
236,32
48,02
255,21
56,04
83,83
60,05
257,9
128,34
136,86
101,4
153,92
115,22
409,39
144,83
238,73
400,6
100,76
77,69
106,32
190,06
101,7
274,34
188,11
68,37
120,85
172,28
75,16
178,07
97,89
78,97
466,91
370,69
65,73
36,19
85,93
750,32
377,52
216,92
110,33
56,44
119,14
410,78
55,36
101,08
130,62
232,37
81,64
133,95
226,38
375,9
207,83
198,81
50,32
112,6
117,31
71,64
131,25
106,37
159,17
247,15
84,91
127,54
75,32
88,79
278,03
78,12
73,79
309,58
297,9
55,15
103,76
185,21
109,09
61,8
92,45
204,06
121,62
42,49
55,75
133,37
252,73
86,06
83,97
23,2
416,64
50,31
103,2
145,98
268,23
237,54
122,88
22,47
292,58
135,08
61,89
305,6
177,98
633,47
330,82
187,12
77,75
294,15
585,01
143,1
268,84
81,06
44,79
371,18
93,38
66,44
317,3
550,37
81,01
285,05
129,44
220,52
237,84
229,76
152,08
56,43
647,65
71,22
182,56
694,08
62,24
135,05
121,62
887,22
163,8
201,35
105,31
181,84
34,9
94,17
130,45
191,84
105,6
266,39
78,15
60,95
258,17
85,33
196,59
37,68
74,7
289,01
37,04
210,28
87,1
117,33
220,64
121,66
400,66
131,76
284,64
113,55
106,96
134,56
58,45
73,82
131,93
98,54
124,7
60,28
523,33
388,87
364,11
114,38
102,61
211,77
123,78
353,39
132,43
37,87
151,92
163,55
143,5
27,3
265,79
86,68
398,32
183,12
179,25
98,17
421,83
188,2
204,27
327,57
67,91
28,05
219,26
77,22
294,28
43,29
477,7
111,84
89,21
217,3
165,49
348,28
72,93
256,02
193,24
128,89
209,89
245,14
53,89
151,07
172,65
138,8
109,03
481,54
428,11
58,59
84,24
222,91
183,04
78,52
915,82
117,78
82,1
206,78
1191,44
75,99
675,19
174,95
117,7
259,03
154,16
62,55
326,7
138,62
138,05
54,73
35,8
316,99
58,06
28,49
181,74
163,56
311,87
103,49
158,08
62,87
177,87
342,12
127,14
286,68
227,45
88,46
347,31
29,3
124,15
486,61
55,43
458,85
54,27
138,53
124,69
135,72
316,34
185,79
139,75
311,87
157,88
94,94
315,53
111,56
270,38
134,34
40,81
380,87
292,28
138,35
116,21
184,11
549,55
63,2
62,12
404,33
66,31
219,74
67,77
279,87
159,07
85,49
229,33
396,28
51,35
128,81
260,29
252,56
110,27
133,45
264,59
109,34
128,06
145,74
208,08
214,03
49,43
871,75
119,41
110,1
163,57
166,71
82,68
298,52
326,76
121,29
154,23
184,65
63,66
703,09
241,46
159,67
92,49
356,43
120,83
242,53
160,44
53,61
190,38
501,97
65,5
325,81
430,38
61,2
263,06
86,98
394,59
332,9
39,65
109,76
14,79
126,57
195
71,95
175,22
192,16
97,71
152,13
87,83
528,89
621,38
157,91
125,12
192,14
470,99
226,23
95,97
91,59
73,75
375,65
205,19
135,08
136,58
71,81
130,67
61,16
41,38
336,67
510,27
279,37
129,8
12,2
87,97
99,92
112,52
511,55
392,87
86,65
39,87
68,07
470,97
205,46
92,62
346,94
224,95
216,24
505,44
128,04
80
72,09
1176,61
88,72
199,76
353,18
178,03
132,18
142,51
41,29
121,44
136,21
188,09
177,54
276,07
246,7
88,95
107,39
39,16
107,44
229,41
111,51
171,64
143,43
180,15
114,48
273,76
201,94
145,66
133,76
91,71
236,27
250,44
81,39
205,37
182,83
29,36
185,5
151,01
246,26
111,88
118,98
176,57
61,84
171,06
120,22
178,29
29,57
323,36
72,11
314,2
209,95
76,24
83,8
84,19
72,29
115,46
206,02
34,43
240,42
398,55
73,6
124,01
164,54
170,99
55
87,44
157,17
255,91
76,08
129,49
68,56
313,03
245,04
198,29
46,92
356,29
289,78
368,83
191,26
125,72
238,94
193,71
119,93
139,23
263,46
113,28
180,81
38,16
418,75
74,59
78,44
171,99
336,05
258,5
70,31
140,51
103,55
183,94
260,67
10,94
110,77
53,65
276,02
92,79
172,28
225,64
105,57
65,51
44,58
153,87
143,08
911,89
173
135,22
212,14
143,82
150,01
52,29
212,57
67,77
147,4
419,45
89,89
183,5
67,92
379,12
68,79
181,49
108,41
253,25
114,41
293,81
405,85
202,88
142,67
185,49
249,69
98,52
154,02
616,77
79,13
119,42
173,82
119,23
93,81
157,47
85,19
152,76
164,85
71,62
35,5
220,16
90,87
192,45
409,82
256,33
594,23
56,52
395,15
295,12
93,52
40,47
205,95
348,58
154,81
178,71
159,19
172,73
178,53
44,66
146,99
196,34
181,32
305,58
260,1
294,3
130,22
81,55
140,05
186,22
126,84
215,76
37,07
139,54
125,95
452,29
55,35
75,65
70,11
172,19
213,32
47,21
225,78
95,91
210,16
253,8
103,11
155,83
813,34
998,73
89,61
201,11
89,35
236,78
159,35
178,63
90,66
158,52
162,59
113,07
134,38
176,01
66,6
210,66
216,33
90,81
83,69
192,51
165,05
109,08
175,59
230,03
150,88
205,05
112,88
148,83
372,4
73,47
94,4
200,42
108,93
202,13
126,61
159,01
573,43
524,1
213,55
108,58
83,73
293,45
66,68
173,34
50,06
212,25
66,9
630,91
392,24
49,22
97,92
71,22
664,2
86,83
1048,16
269,52
142,32
112,94
373,84
142,05
174,58
105,25
126,96
69,14
506,58
287,19
238,43
178,68
82,33
129,09
69,48
299,69
52,83
30,49
61,01
279,34
186,43
147,17
65,19
40,9
75,98
199,64
246,12
89,71
108,27
86,02
236,94
76,25
149,6
201,85
266,11
95,15
143,07
129,26
123,4
77,77
330,62
225,44
64,39
54,46
267,6
67,82
189,02
317,62
138,03
84,91
187,6
45,55
1128,49
277,99
100,8
76,15
55,87
36,08
238
419,24
215,45
105,38
888,2
158,15
184,67
86,83
194,52
95,34
118,57
251,88
176,29
67,31
282,72
57,69
130,11
57,97
142,12
272,08
262,51
280,92
64,84
224,36
271,68
113,75
358,71
245,15
322,34
156,4
123,85
62,67
104,26
517,86
278,61
98,66
46,19
250,68
440,5
214,73
320,22
131,72
37,37
200,66
380,29
141,41
48,28
173,85
45,87
118,9
151,98
291,15
487,81
281,07
138,91
266,66
75,65
168,78
315,32
192,85
154,89
75,09
77,23
66,4
61,5
76,47
448,7
126,35
236,17
222,88
277,89
570,68
199,62
176,98
126,88
223,82
657,62
217,57
52,92
766,59
338,78
166,41
63,21
160,96
80,64
45,54
64,64
96,6
492,85
357,37
186,16
127,76
76,87
166,14
979,69
83,57
212,05
242,28
77,53
383,25
53,91
73,54
136,44
135,3
70,33
158,36
54,07
634,55
185,77
466,87
346,54
187,13
59,03
156,2
137,68
217,77
126,61
77,8
40,49
107,75
227,62
84,43
209,91
119,45
84,14
148,49
340,07
76,71
127,74
110,75
55,24
184,26
190,51
74,55
217,17
103,11
243,68
153,53
64,81
187,45
65,37
239,48
96,6
235,47
182,89
265,43
48,55
208,73
823,86
49,88
66,75
138,57
587,68
210,68
108,33
312,47
172,75
237,17
223,63
161,13
192,72
156,63
165,86
60,83
89,38
118,97
28,86
172,69
71,97
94,22
153,86
791,37
270,26
361,92
120,74
427,18
198,88
104,56
283,93
187,01
107,58
317,23
175,51
89,44
322,27
210,22
84,36
80,45
64,48
735,24
215,74
156,32
90,23
314,81
334,19
245,37
208,31
356,16
167,52
94,5
139,28
123,3
105,92
103,26
148,83
151,37
74,85
46,41
163,58
81,17
73,27
16,48
150,48
372,14
232,31
260,38
110,13
203,01
54,68
74,38
158,2
200,5
256,35
126,75
193,38
54,5
97,05
521,63
200,46
254,93
18,59
48,25
68,27
71,99
233,28
54,65
167,13
166,47
208,54
815,81
277,85
582,06
97,49
213,17
122,17
256,48
37,31
43,99
178,79
60,89
68,14
39,66
127,57
106,27
144,65
71,16
31,76
83,2
631,68
156,6
111,21
508,61
224,53
196,57
946,02
109,65
204,94
395,33
227,22
64,69
193,36
181,82
97,54
291,92
80,81
130,02
74,8
83,85
146,5
386,01
167,92
102,34
373,15
69,45
79,82
302,08
99,41
134,29
24,37
67,11
123,63
542,23
58,62
129,02
218,89
261,59
88,53
56,92
134,92
283,47
133,09
571,43
556,23
184,67
298,07
174,35
90,62
154,63
116,89
196,01
210,21
115,09
72,88
220,35
207,87
165,12
64,38
278,94
150,2
102,11
175,3
177,37
116,82
16,59
170,32
185,99
553,5
74,09
327,41
52,05
83,51
304,88
245,24
44,34
260,63
102,6
923,71
57,26
175,41
223,28
142,26
839,74
69,57
67,49
156,92
74,03
243,94
113,11
127,72
137,71
160,62
47,65
133,33
212,31
130,1
256,63
98,97
186,63
368,3
185,23
82,54
287,33
99,98
264,52
219,83
148,02
192,57
107,4
58,46
373,29
166,65
34,79
134,11
119,96
98,95
174,82
65,41
188,44
184,28
106,2
99,73
74,1
104,66
173
142,7
81,83
42,01
75,58
111,65
212,14
328,05
286,08
91,04
107,22
47,35
127,31
283,18
85,83
100,73
240,77
221,61
33,51
75
202,61
324,02
141,75
95,53
241,93
74,26
144,8
421,87
109,15
173,85
129,68
193
128,79
94,2
512,18
645,38
319,64
267,56
182,47
457,38
126,48
275,25
125,89
583,3
34,43
226
180,74
77
156,39
89,7
556,23
32,1
35,73
155,46
87,37
276,63
95,91
168,09
286,97
61,99
107,02
62,27
50,35
144,48
37,4
203,87
126,44
118,64
181,77
180,71
472,94
279,36
145,8
111,38
193,93
247,49
238,84
162,6
215,54
142,79
196,71
249,68
485,41
27,16
178,28
136,8
276,13
45,79
116,99
214,22
182,42
213,65
38,98
132,9
94,91
150,82
397,75
190,45
89,26
207,93
128,11
257,39
399,45
72,21
85,67
456,52
284,38
94,77
44,05
201,11
138,1
199,61
171,64
198,06
129,94
32,37
198,01
304,14
153,68
320,68
248,86
104,75
351,53
37,35
232,16
190,65
120,23
67,88
119,34
69,34
43,19
70,15
79,62
315,38
187,21
166,51
337,54
193,42
122,24
115,34
286,47
84,71
175,27
293,85
120,32
443,87
153,49
90,1
28,04
112,34
290,74
151,78
318,69
180,8
125,02
155,79
137,08
164,84
313,93
188,18
91,65
127,52
196,4
217,14
248,56
257,87
218,97
122,7
140,06
271,89
145,2
81,6
189,02
432,61
491,39
167,74
99,81
71,21
32,56
41,8
72,22
256,63
206,76
114,65
146,6
112,57
69,49
187,95
237,18
159,4
295,88
77,27
83,83
56,49
96,26
112,07
101,92
212,4
271,29
83,86
387,73
180,53
98,44
138,52
77,47
62,36
120,17
193,1
119,4
212,94
93,86
302,34
127,52
165,08
162,71
391,34
356,71
103,84
88,56
217,63
316,08
446,33
113,65
557,32
66,72
64,7
93,61
142,19
308,82
277,05
192,12
118,59
398,97
1412,22
201,01
76,72
177,79
141,7
87,78
87,99
231,81
151,3
158,52
70,99
486,75
161,42
368,23
292,28
70,26
79,64
269,84
154,73
151,81
77,44
202,95
115,22
212,66
46,86
180,77
135,08
188,97
101,23
91,67
134,13
141,55
134,34
50,18
163,85
132,75
60,91
44,24
101,45
142,25
77,84
662,74
278,63
118,57
302,19
54,51
79,47
128,24
72,02
95,36
194,02
222,2
132,7
118,91
46,29
278,34
39,59
252,09
56,91
327,8
278,8
74,42
96,01
93,01
134,57
78,77
293,87
170,05
133,29
320,6
132,93
225,35
85,18
178,25
107,23
157,9
159,35
67,61
46,67
136,94
358,25
187,13
37,43
298,84
159,7
84,94
165,73
278,9
139,6
531,78
289,68
175,16
105,26
374,43
115,9
54,51
73,57
152,03
576,15
314,56
356,09
75,3
77,91
91,56
101,46
66,66
683,59
61,56
73,96
404,35
127,34
75,12
134,71
103,9
415,16
159,79
87,99
127,36
110,96
182,24
256,48
265,86
127,94
369,19
167,85
448,83
361,25
115,49
105,99
238,98
41,56
235,99
144,14
144,02
96,12
181,35
335,14
323,45
111,57
402,62
33,5
256,99
466,6
136,97
115,22
270,83
166,25
286,47
85,93
272,89
87,23
126,18
93,96
95,23
94,13
328,54
243,78
217,35
66,85
99,66
61,09
83,25
318,8
80,47
26,19
135,09
136,56
66,5
142,91
76,75
82,1
56,67
421,65
71,53
89,28
166,69
156,14
183,99
444,91
317,73
439
205,14
90,48
529,97
84,91
77,22
259,78
370,98
64,13
299,08
52,43
51,98
92,11
147,18
130,82
159,66
245,1
417,93
68,38
79,66
187,06
185,29
150,37
41,61
253,92
174,99
89,74
165,47
